Welcome to the MariaDB monitor.  Commands end with ; or \g.
Your MySQL connection id is 6
Server version: 5.5.53 MySQL Community Server (GPL)

Copyright (c) 2000, 2017, Oracle, MariaDB Corporation Ab and others.

Type 'help;' or '\h' for help. Type '\c' to clear the current input statement.

MySQL [(none)]> show datables;
ERROR 1064 (42000): You have an error in your SQL syntax; check the manual that corresponds to your MySQL server version for the right syntax to use near 'datables' at line 1
MySQL [(none)]> show databases;
+--------------------+
| Database           |
+--------------------+
| information_schema |
| 1810a              |
| mysql              |
| performance_schema |
| test               |
| xxoo               |
+--------------------+
6 rows in set (0.00 sec)

MySQL [(none)]> use xxoo
Database changed
MySQL [xxoo]> use 1810a
Database changed
MySQL [1810a]> use xxoo
Database changed
MySQL [xxoo]> show tables;
+----------------+
| Tables_in_xxoo |
+----------------+
| t1             |
| user           |
+----------------+
2 rows in set (0.00 sec)

MySQL [xxoo]> create table t2(
    -> id int,
    -> name char(23),
    -> pwd char(32),
    -> sex tinyint,
    -> age tinyint
    -> );
Query OK, 0 rows affected (0.08 sec)

MySQL [xxoo]> desc t2;
+-------+------------+------+-----+---------+-------+
| Field | Type       | Null | Key | Default | Extra |
+-------+------------+------+-----+---------+-------+
| id    | int(11)    | YES  |     | NULL    |       |
| name  | char(23)   | YES  |     | NULL    |       |
| pwd   | char(32)   | YES  |     | NULL    |       |
| sex   | tinyint(4) | YES  |     | NULL    |       |
| age   | tinyint(4) | YES  |     | NULL    |       |
+-------+------------+------+-----+---------+-------+
5 rows in set (0.01 sec)

MySQL [xxoo]> show create table t2;
+-------+-----------------------------------------------------------------------------------------------------------------------------------------------------------------------------------------------------------------------+
| Table | Create Table                                                                                                                                                                                                          |
+-------+-----------------------------------------------------------------------------------------------------------------------------------------------------------------------------------------------------------------------+
| t2    | CREATE TABLE `t2` (
  `id` int(11) DEFAULT NULL,
  `name` char(23) DEFAULT NULL,
  `pwd` char(32) DEFAULT NULL,
  `sex` tinyint(4) DEFAULT NULL,
  `age` tinyint(4) DEFAULT NULL
) ENGINE=MyISAM DEFAULT CHARSET=utf8 |
+-------+-----------------------------------------------------------------------------------------------------------------------------------------------------------------------------------------------------------------------+
1 row in set (0.00 sec)

MySQL [xxoo]> show create table t2\G
*************************** 1. row ***************************
       Table: t2
Create Table: CREATE TABLE `t2` (
  `id` int(11) DEFAULT NULL,
  `name` char(23) DEFAULT NULL,
  `pwd` char(32) DEFAULT NULL,
  `sex` tinyint(4) DEFAULT NULL,
  `age` tinyint(4) DEFAULT NULL
) ENGINE=MyISAM DEFAULT CHARSET=utf8
1 row in set (0.00 sec)

MySQL [xxoo]> show tables;
+----------------+
| Tables_in_xxoo |
+----------------+
| t1             |
| t2             |
| user           |
+----------------+
3 rows in set (0.00 sec)

MySQL [xxoo]> drop table t1;
Query OK, 0 rows affected (0.00 sec)

MySQL [xxoo]> drop table t2;
Query OK, 0 rows affected (0.00 sec)

MySQL [xxoo]> desc user;
+-------+----------+------+-----+---------+-------+
| Field | Type     | Null | Key | Default | Extra |
+-------+----------+------+-----+---------+-------+
| id    | int(11)  | YES  |     | NULL    |       |
| name  | char(24) | YES  |     | NULL    |       |
| sex   | int(11)  | YES  |     | NULL    |       |
| age   | int(11)  | YES  |     | NULL    |       |
+-------+----------+------+-----+---------+-------+
4 rows in set (0.01 sec)

MySQL [xxoo]> show tables;
+----------------+
| Tables_in_xxoo |
+----------------+
| user           |
+----------------+
1 row in set (0.00 sec)

MySQL [xxoo]> desc user;
+-------+----------+------+-----+---------+-------+
| Field | Type     | Null | Key | Default | Extra |
+-------+----------+------+-----+---------+-------+
| id    | int(11)  | YES  |     | NULL    |       |
| name  | char(24) | YES  |     | NULL    |       |
| sex   | int(11)  | YES  |     | NULL    |       |
| age   | int(11)  | YES  |     | NULL    |       |
+-------+----------+------+-----+---------+-------+
4 rows in set (0.01 sec)

MySQL [xxoo]> insert into user(id,name,sex,age)  values(1,'caijiuming',1,25);
Query OK, 1 row affected (0.00 sec)

MySQL [xxoo]> insert into user(id,name,sex)  values(2,'lili',0);
Query OK, 1 row affected (0.00 sec)

MySQL [xxoo]> insert into user values(3,'zhangsan',1,33);
Query OK, 1 row affected (0.00 sec)

MySQL [xxoo]> insert into user(id,name,sex,age)  values(4,'dd',1,25),(5,'ee',0,23),(6,'ff',1,33);
Query OK, 3 rows affected (0.00 sec)
Records: 3  Duplicates: 0  Warnings: 0

MySQL [xxoo]> select * from user;
+------+------------+------+------+
| id   | name       | sex  | age  |
+------+------------+------+------+
|    1 | caijiuming |    1 |   25 |
|    2 | lili       |    0 | NULL |
|    3 | zhangsan   |    1 |   33 |
|    4 | dd         |    1 |   25 |
|    5 | ee         |    0 |   23 |
|    6 | ff         |    1 |   33 |
+------+------------+------+------+
6 rows in set (0.00 sec)

MySQL [xxoo]> select name,age from user;
+------------+------+
| name       | age  |
+------------+------+
| caijiuming |   25 |
| lili       | NULL |
| zhangsan   |   33 |
| dd         |   25 |
| ee         |   23 |
| ff         |   33 |
+------------+------+
6 rows in set (0.00 sec)

MySQL [xxoo]> update user set age=18 where name='lili';
Query OK, 1 row affected (0.00 sec)
Rows matched: 1  Changed: 1  Warnings: 0

MySQL [xxoo]> select * from user;
+------+------------+------+------+
| id   | name       | sex  | age  |
+------+------------+------+------+
|    1 | caijiuming |    1 |   25 |
|    2 | lili       |    0 |   18 |
|    3 | zhangsan   |    1 |   33 |
|    4 | dd         |    1 |   25 |
|    5 | ee         |    0 |   23 |
|    6 | ff         |    1 |   33 |
+------+------------+------+------+
6 rows in set (0.00 sec)

MySQL [xxoo]> update user set name='xxoo',sex=0 where id=4;
Query OK, 1 row affected (0.00 sec)
Rows matched: 1  Changed: 1  Warnings: 0

MySQL [xxoo]> select * from user;
+------+------------+------+------+
| id   | name       | sex  | age  |
+------+------------+------+------+
|    1 | caijiuming |    1 |   25 |
|    2 | lili       |    0 |   18 |
|    3 | zhangsan   |    1 |   33 |
|    4 | xxoo       |    0 |   25 |
|    5 | ee         |    0 |   23 |
|    6 | ff         |    1 |   33 |
+------+------------+------+------+
6 rows in set (0.00 sec)

MySQL [xxoo]> update user set name='lisi' where name='lili';
Query OK, 1 row affected (0.00 sec)
Rows matched: 1  Changed: 1  Warnings: 0

MySQL [xxoo]> seelct * from user;
ERROR 1064 (42000): You have an error in your SQL syntax; check the manual that corresponds to your MySQL server version for the right syntax to use near 'seelct * from user' at line 1
MySQL [xxoo]> select * from user;
+------+------------+------+------+
| id   | name       | sex  | age  |
+------+------------+------+------+
|    1 | caijiuming |    1 |   25 |
|    2 | lisi       |    0 |   18 |
|    3 | zhangsan   |    1 |   33 |
|    4 | xxoo       |    0 |   25 |
|    5 | ee         |    0 |   23 |
|    6 | ff         |    1 |   33 |
+------+------------+------+------+
6 rows in set (0.00 sec)

MySQL [xxoo]> delete from  user where id=4;
Query OK, 1 row affected (0.00 sec)

MySQL [xxoo]> select * from user;
+------+------------+------+------+
| id   | name       | sex  | age  |
+------+------------+------+------+
|    1 | caijiuming |    1 |   25 |
|    2 | lisi       |    0 |   18 |
|    3 | zhangsan   |    1 |   33 |
|    5 | ee         |    0 |   23 |
|    6 | ff         |    1 |   33 |
+------+------------+------+------+
5 rows in set (0.00 sec)

MySQL [xxoo]> delete from user;
Query OK, 5 rows affected (0.00 sec)

MySQL [xxoo]> select * from user;
Empty set (0.00 sec)

MySQL [xxoo]> \q
